{"lastUpdateDate":"2024-10-08T21:31:29+08:00","totalRecords":79,"dataSince":{"ANNUAL":"2023-10-14","SEMIANNUAL":"2023-10-14","QUARTERLY":"2023-10-14","FUNDNOTICE":"2024-09-01"},"AWN201_20160412_KEYFACT":{"documentID":"AWN201_20160412_KEYFACT","documentType":"KEYFACT","ceNumberOfLegalFund":"AWN201","documentDate":"2016-04-12","documents":[{"filename":"AWN201_KFS_AF Bond Global Emerging_chi_11042016.pdf","filePath":"Offering_Documents/0f/0fc7fbf475d296bf97e396322f0d9f764d99328cbe320e0ca1c46f48359dacbb","checksum":"0fc7fbf475d296bf97e396322f0d9f764d99328cbe320e0ca1c46f48359dacbb","uploadDate":"2016-12-04","lang":["ZH"],"noticeCategories":[]},{"filename":"AWN201_KFS_AF Bond Global Emerging_eng_11042016.pdf","filePath":"Offering_Documents/d1/d1d20c7dd145783794e6684625c78b43b0e349513a2c3f4202ffb840abcd3835","checksum":"d1d20c7dd145783794e6684625c78b43b0e349513a2c3f4202ffb840abcd3835","uploadDate":"2016-12-04","lang":["EN"],"noticeCategories":[]}]},"AVZ072_20231231_ANNUAL":{"documentID":"AVZ072_20231231_ANNUAL","documentType":"ANNUAL","ceNumberOfLegalFund":"AVZ072","documentDate":"2023-12-31","documents":[{"filename":"AVL889 - 2023 ANNUAL.pdf","filePath":"Financial_Reports/9c/9cea66fbb3d5bcae73ca30099cf6f5d6675fd461b6f7f24a443b72fa51f5f818","checksum":"9cea66fbb3d5bcae73ca30099cf6f5d6675fd461b6f7f24a443b72fa51f5f818","uploadDate":"2024-09-24","lang":[],"noticeCategories":[]}]},"BBQ016_20160906_KEYFACT":{"documentID":"BBQ016_20160906_KEYFACT","documentType":"KEYFACT","ceNumberOfLegalFund":"BBQ016","documentDate":"2016-09-06","documents":[{"filename":"BBQ016_ChinaAMC Select China New Economy Fund_KFS_Chi_05092016.pdf","filePath":"Offering_Documents/aa/aa028602838b2e2e5642dc8572756ccaa4b794b93ec4a8b9e25f7bafa3ce7b1f","checksum":"aa028602838b2e2e5642dc8572756ccaa4b794b93ec4a8b9e25f7bafa3ce7b1f","uploadDate":"2016-12-04","lang":["ZH"],"noticeCategories":[]},{"filename":"BBQ016_ChinaAMC Select China New Economy Fund_KFS_Eng_05092016.pdf","filePath":"Offering_Documents/b5/b5642ad195ca0a5b382c5eb58608a65cecd381b7281637196ff8a00059c84aa2","checksum":"b5642ad195ca0a5b382c5eb58608a65cecd381b7281637196ff8a00059c84aa2","uploadDate":"2016-12-04","lang":["EN"],"noticeCategories":[]}]},"ARG434_20241003_FUNDNOTICE_01":{"documentID":"ARG434_20241003_FUNDNOTICE_01","documentType":"FUNDNOTICE","ceNumberOfLegalFund":"ARG434","documentDate":"2024-10-03","documents":[{"filename":"Eng_Testing document.pdf","filePath":"Fund_Notices/0f/0f98ad90e05bb5a718c590fe2cf59782647341461047e127c7240d6ad2f7bee9","checksum":"0f98ad90e05bb5a718c590fe2cf59782647341461047e127c7240d6ad2f7bee9","uploadDate":"2024-10-07","lang":["EN"],"noticeCategories":[]},{"filename":"Chi_Testing document.pdf","filePath":"Fund_Notices/0d/0d6f928a07618ae574737f782a3d637d88d9127294fe517dbe82efd79467ad9e","checksum":"0d6f928a07618ae574737f782a3d637d88d9127294fe517dbe82efd79467ad9e","uploadDate":"2024-10-07","lang":["ZH"],"noticeCategories":[]},{"filename":"Eng_2_Testing document.pdf","filePath":"Fund_Notices/1f/1f42b216c5761c5ef332f015ff6fabc36f7500242639ff04c8b4ecafb40c7701","checksum":"1f42b216c5761c5ef332f015ff6fabc36f7500242639ff04c8b4ecafb40c7701","uploadDate":"2024-10-08","lang":["EN"],"noticeCategories":[]},{"filename":"Chi_2_Testing document.pdf","filePath":"Fund_Notices/1f/1f42b216c5761c5ef332f015ff6fabc36f7500242639ff04c8b4ecafb40c7701","checksum":"1f42b216c5761c5ef332f015ff6fabc36f7500242639ff04c8b4ecafb40c7701","uploadDate":"2024-10-08","lang":["ZH"],"noticeCategories":[]}]},"ARG434_20240924_FUNDNOTICE_01":{"documentID":"ARG434_20240924_FUNDNOTICE_01","documentType":"FUNDNOTICE","ceNumberOfLegalFund":"ARG434","documentDate":"2024-09-24","documents":[{"filename":"NOTICE -1.pdf","filePath":"Fund_Notices/9c/9cea66fbb3d5bcae73ca30099cf6f5d6675fd461b6f7f24a443b72fa51f5f818","checksum":"9cea66fbb3d5bcae73ca30099cf6f5d6675fd461b6f7f24a443b72fa51f5f818","uploadDate":"2024-09-27","lang":[],"noticeCategories":["DISTRIBUTIONS"]}]},"AVZ072_20160906_OFFERDOC":{"documentID":"AVZ072_20160906_OFFERDOC","documentType":"OFFERDOC","ceNumberOfLegalFund":"AVZ072","documentDate":"2016-09-06","documents":[{"filename":"BBQ016_ChinaAMC Select China New Economy Fund_Consolidated EM_Chi_05092016.pdf","filePath":"Offering_Documents/56/56938f418e309ed3750eb83beb3cacfea7e9a7ccbb272cefa7cbacec7c2df067","checksum":"56938f418e309ed3750eb83beb3cacfea7e9a7ccbb272cefa7cbacec7c2df067","uploadDate":"2016-12-04","lang":["ZH"],"noticeCategories":[]},{"filename":"BBQ016_ChinaAMC Select China New Economy Fund_Consolidated EM_Eng_05092016.pdf","filePath":"Offering_Documents/8e/8e5e46c242767becf863f77e5cd2a53d18284a1e95872eb54724a53754268215","checksum":"8e5e46c242767becf863f77e5cd2a53d18284a1e95872eb54724a53754268215","uploadDate":"2016-12-04","lang":["EN"],"noticeCategories":[]}]},"AWN201_20240630_SEMIANNUAL":{"documentID":"AWN201_20240630_SEMIANNUAL","documentType":"SEMIANNUAL","ceNumberOfLegalFund":"AWN201","documentDate":"2024-06-30","documents":[{"filename":"Amundi GPF Interim report_May 2024_final.pdf","filePath":"Financial_Reports/04/042361ff8f4610e296a46599ffdd367b77b05c63ae23146ac282c50653170abe","checksum":"042361ff8f4610e296a46599ffdd367b77b05c63ae23146ac282c50653170abe","uploadDate":"2024-09-27","lang":[],"noticeCategories":[]}]},"AWN201_20240927_FUNDNOTICE_01":{"documentID":"AWN201_20240927_FUNDNOTICE_01","documentType":"FUNDNOTICE","ceNumberOfLegalFund":"AWN201","documentDate":"2024-09-27","documents":[{"filename":"Amundi HK - Green Planet Fund - Notice_240731.pdf","filePath":"Fund_Notices/06/062d6b036c95f9080f28f9df1f1b63ae89297eeca7ef266621d95620b1bbcf9c","checksum":"062d6b036c95f9080f28f9df1f1b63ae89297eeca7ef266621d95620b1bbcf9c","uploadDate":"2024-09-27","lang":[],"noticeCategories":[]}]},"AWN201_20231231_ANNUAL":{"documentID":"AWN201_20231231_ANNUAL","documentType":"ANNUAL","ceNumberOfLegalFund":"AWN201","documentDate":"2023-12-31","documents":[{"filename":"Amundi HK Portfolio FS FY2023 (signed).pdf","filePath":"Financial_Reports/89/8902333c55e2978e8a1d3b0e67c79fd0c792c827ac72a8e33d4097ae52643d30","checksum":"8902333c55e2978e8a1d3b0e67c79fd0c792c827ac72a8e33d4097ae52643d30","uploadDate":"2024-09-27","lang":[],"noticeCategories":[]}]},"BSH900_20241002_KEYFACT":{"documentID":"BSH900_20241002_KEYFACT","documentType":"KEYFACT","ceNumberOfLegalFund":"BSH900","documentDate":"2024-10-02","documents":[{"filename":"Testing document.pdf","filePath":"Offering_Documents/1f/1f42b216c5761c5ef332f015ff6fabc36f7500242639ff04c8b4ecafb40c7701","checksum":"1f42b216c5761c5ef332f015ff6fabc36f7500242639ff04c8b4ecafb40c7701","uploadDate":"2024-10-02","lang":["ZH"],"noticeCategories":[]},{"filename":"Testing document.pdf","filePath":"Offering_Documents/1f/1f42b216c5761c5ef332f015ff6fabc36f7500242639ff04c8b4ecafb40c7701","checksum":"1f42b216c5761c5ef332f015ff6fabc36f7500242639ff04c8b4ecafb40c7701","uploadDate":"2024-10-02","lang":["EN"],"noticeCategories":[]}]},"AGC791_20160412_KEYFACT":{"documentID":"AGC791_20160412_KEYFACT","documentType":"KEYFACT","ceNumberOfLegalFund":"AGC791","documentDate":"2016-04-12","documents":[{"filename":"AGC791_AF Bond Euro Corporate_KFS_Chi_11042016.pdf","filePath":"Offering_Documents/94/941157a04054c0b8f562edf1f791c9b56be17734e1babedf7fd6c28e4cced7a1","checksum":"941157a04054c0b8f562edf1f791c9b56be17734e1babedf7fd6c28e4cced7a1","uploadDate":"2016-12-04","lang":["ZH"],"noticeCategories":[]},{"filename":"AGC791_AF Bond Euro Corporate_KFS_Eng_11042016.pdf","filePath":"Offering_Documents/f3/f386c4a43973b5a79e1e82becbaa0e4e04b5244b2f6f9381ff813d07a550ad1b","checksum":"f386c4a43973b5a79e1e82becbaa0e4e04b5244b2f6f9381ff813d07a550ad1b","uploadDate":"2016-12-04","lang":["EN"],"noticeCategories":[]}]},"ARG434_20160412_KEYFACT":{"documentID":"ARG434_20160412_KEYFACT","documentType":"KEYFACT","ceNumberOfLegalFund":"ARG434","documentDate":"2016-04-12","documents":[{"filename":"ARG434_KFS_AF Equity Global Resources_chi_11042016.pdf","filePath":"Offering_Documents/c6/c6cb9c31afbeacd28644e1b451beb05d64f28ec3245d191c5d1c1ddb2a3c8762","checksum":"c6cb9c31afbeacd28644e1b451beb05d64f28ec3245d191c5d1c1ddb2a3c8762","uploadDate":"2016-12-04","lang":["ZH"],"noticeCategories":[]},{"filename":"ARG434_KFS_AF Equity Global Resources_eng_11042016.pdf","filePath":"Offering_Documents/0d/0df0e2854b2b6475190f47ced0d8045944498223af3d038aea610062b2baab0a","checksum":"0df0e2854b2b6475190f47ced0d8045944498223af3d038aea610062b2baab0a","uploadDate":"2016-12-04","lang":["EN"],"noticeCategories":[]}]},"AQA227_20241003_FUNDNOTICE_01":{"documentID":"AQA227_20241003_FUNDNOTICE_01","documentType":"FUNDNOTICE","ceNumberOfLegalFund":"AQA227","documentDate":"2024-10-03","documents":[{"filename":"Eng_Testing document.pdf","filePath":"Fund_Notices/0f/0f98ad90e05bb5a718c590fe2cf59782647341461047e127c7240d6ad2f7bee9","checksum":"0f98ad90e05bb5a718c590fe2cf59782647341461047e127c7240d6ad2f7bee9","uploadDate":"2024-10-07","lang":["EN"],"noticeCategories":[]},{"filename":"Chi_Testing document.pdf","filePath":"Fund_Notices/0d/0d6f928a07618ae574737f782a3d637d88d9127294fe517dbe82efd79467ad9e","checksum":"0d6f928a07618ae574737f782a3d637d88d9127294fe517dbe82efd79467ad9e","uploadDate":"2024-10-07","lang":["ZH"],"noticeCategories":[]},{"filename":"Eng_2_Testing document.pdf","filePath":"Fund_Notices/1f/1f42b216c5761c5ef332f015ff6fabc36f7500242639ff04c8b4ecafb40c7701","checksum":"1f42b216c5761c5ef332f015ff6fabc36f7500242639ff04c8b4ecafb40c7701","uploadDate":"2024-10-08","lang":["EN"],"noticeCategories":[]},{"filename":"Chi_2_Testing document.pdf","filePath":"Fund_Notices/1f/1f42b216c5761c5ef332f015ff6fabc36f7500242639ff04c8b4ecafb40c7701","checksum":"1f42b216c5761c5ef332f015ff6fabc36f7500242639ff04c8b4ecafb40c7701","uploadDate":"2024-10-08","lang":["ZH"],"noticeCategories":[]}]},"BFT953_20240331_QUARTERLY":{"documentID":"BFT953_20240331_QUARTERLY","documentType":"QUARTERLY","ceNumberOfLegalFund":"BFT953","documentDate":"2024-03-31","documents":[{"filename":"BFT953 - 2024 Q1.pdf","filePath":"Financial_Reports/9c/9cea66fbb3d5bcae73ca30099cf6f5d6675fd461b6f7f24a443b72fa51f5f818","checksum":"9cea66fbb3d5bcae73ca30099cf6f5d6675fd461b6f7f24a443b72fa51f5f818","uploadDate":"2024-09-25","lang":[],"noticeCategories":[]}]},"BFT953_20160510_KEYFACT":{"documentID":"BFT953_20160510_KEYFACT","documentType":"KEYFACT","ceNumberOfLegalFund":"BFT953","documentDate":"2016-05-10","documents":[{"filename":"BFT953_ChinaAMC Xinghua Mixed Securities Investment Fund_KFS_Chi_20160509.pdf","filePath":"Offering_Documents/16/16aaa27e19714ec1b4d523a15156f86f39203584ba88d3e3e6ac8ead496feef6","checksum":"16aaa27e19714ec1b4d523a15156f86f39203584ba88d3e3e6ac8ead496feef6","uploadDate":"2016-12-04","lang":["ZH"],"noticeCategories":[]},{"filename":"BFT953_ChinaAMC Xinghua Mixed Securities Investment Fund_KFS_Eng_20160509.pdf","filePath":"Offering_Documents/57/57e981b9ae61e2618f619199b537ce48a3c651e03b6e9a8777850ddb447e9152","checksum":"57e981b9ae61e2618f619199b537ce48a3c651e03b6e9a8777850ddb447e9152","uploadDate":"2016-12-04","lang":["EN"],"noticeCategories":[]}]},"BSK265_20241003_KEYFACT":{"documentID":"BSK265_20241003_KEYFACT","documentType":"KEYFACT","ceNumberOfLegalFund":"BSK265","documentDate":"2024-10-03","documents":[{"filename":"Chi_Testing document.pdf","filePath":"Offering_Documents/11/1162a657a9c8e9af6bf7db5c184e76bdadda21816131c0aa4b53a61e65153bb9","checksum":"1162a657a9c8e9af6bf7db5c184e76bdadda21816131c0aa4b53a61e65153bb9","uploadDate":"2024-10-04","lang":["ZH"],"noticeCategories":[]},{"filename":"Eng_Testing document.pdf","filePath":"Offering_Documents/11/1162a657a9c8e9af6bf7db5c184e76bdadda21816131c0aa4b53a61e65153bb9","checksum":"1162a657a9c8e9af6bf7db5c184e76bdadda21816131c0aa4b53a61e65153bb9","uploadDate":"2024-10-04","lang":["EN"],"noticeCategories":[]}]},"AVL899_20240630_SEMIANNUAL":{"documentID":"AVL899_20240630_SEMIANNUAL","documentType":"SEMIANNUAL","ceNumberOfLegalFund":"AVL899","documentDate":"2024-06-30","documents":[{"filename":"AVL889 - 2024 SEMIANNUAL.pdf","filePath":"Financial_Reports/9c/9cea66fbb3d5bcae73ca30099cf6f5d6675fd461b6f7f24a443b72fa51f5f818","checksum":"9cea66fbb3d5bcae73ca30099cf6f5d6675fd461b6f7f24a443b72fa51f5f818","uploadDate":"2024-09-24","lang":[],"noticeCategories":[]}]},"AVL899_20160906_OFFERDOC":{"documentID":"AVL899_20160906_OFFERDOC","documentType":"OFFERDOC","ceNumberOfLegalFund":"AVL899","documentDate":"2016-09-06","documents":[{"filename":"BBQ016_ChinaAMC Select China New Economy Fund_Consolidated EM_Chi_05092016.pdf","filePath":"Offering_Documents/56/56938f418e309ed3750eb83beb3cacfea7e9a7ccbb272cefa7cbacec7c2df067","checksum":"56938f418e309ed3750eb83beb3cacfea7e9a7ccbb272cefa7cbacec7c2df067","uploadDate":"2016-12-04","lang":["ZH"],"noticeCategories":[]},{"filename":"BBQ016_ChinaAMC Select China New Economy Fund_Consolidated EM_Eng_05092016.pdf","filePath":"Offering_Documents/8e/8e5e46c242767becf863f77e5cd2a53d18284a1e95872eb54724a53754268215","checksum":"8e5e46c242767becf863f77e5cd2a53d18284a1e95872eb54724a53754268215","uploadDate":"2016-12-04","lang":["EN"],"noticeCategories":[]}]},"BAW607_20240908_FUNDNOTICE_01":{"documentID":"BAW607_20240908_FUNDNOTICE_01","documentType":"FUNDNOTICE","ceNumberOfLegalFund":"BAW607","documentDate":"2024-09-08","documents":[{"filename":"AVL889 - NOTICE -1.pdf","filePath":"Fund_Notices/9c/9cea66fbb3d5bcae73ca30099cf6f5d6675fd461b6f7f24a443b72fa51f5f818","checksum":"9cea66fbb3d5bcae73ca30099cf6f5d6675fd461b6f7f24a443b72fa51f5f818","uploadDate":"2024-09-26","lang":[],"noticeCategories":["DISTRIBUTIONS"]}]},"BSJ936_20240905_FUNDNOTICE_01":{"documentID":"BSJ936_20240905_FUNDNOTICE_01","documentType":"FUNDNOTICE","ceNumberOfLegalFund":"BSJ936","documentDate":"2024-09-05","documents":[{"filename":"chi_notice.pdf","filePath":"Fund_Notices/2a/2aa52bd114cdedd14799d195f3315bda437621cf6a627b873efaf913267dff8e","checksum":"2aa52bd114cdedd14799d195f3315bda437621cf6a627b873efaf913267dff8e","uploadDate":"2024-09-26","lang":["ZH"],"noticeCategories":[]},{"filename":"eng_notice.pdf","filePath":"Fund_Notices/2a/2aa52bd114cdedd14799d195f3315bda437621cf6a627b873efaf913267dff8e","checksum":"2aa52bd114cdedd14799d195f3315bda437621cf6a627b873efaf913267dff8e","uploadDate":"2024-09-26","lang":["EN"],"noticeCategories":[]}]},"BSK264_20241003_KEYFACT":{"documentID":"BSK264_20241003_KEYFACT","documentType":"KEYFACT","ceNumberOfLegalFund":"BSK264","documentDate":"2024-10-03","documents":[{"filename":"Chi_Testing document.pdf","filePath":"Offering_Documents/1f/1f42b216c5761c5ef332f015ff6fabc36f7500242639ff04c8b4ecafb40c7701","checksum":"1f42b216c5761c5ef332f015ff6fabc36f7500242639ff04c8b4ecafb40c7701","uploadDate":"2024-10-03","lang":["ZH"],"noticeCategories":[]},{"filename":"Eng_Testing document.pdf","filePath":"Offering_Documents/1f/1f42b216c5761c5ef332f015ff6fabc36f7500242639ff04c8b4ecafb40c7701","checksum":"1f42b216c5761c5ef332f015ff6fabc36f7500242639ff04c8b4ecafb40c7701","uploadDate":"2024-10-03","lang":["EN"],"noticeCategories":[]}]},"AVZ072_20240908_FUNDNOTICE_01":{"documentID":"AVZ072_20240908_FUNDNOTICE_01","documentType":"FUNDNOTICE","ceNumberOfLegalFund":"AVZ072","documentDate":"2024-09-08","documents":[{"filename":"AVL889 - NOTICE -1.pdf","filePath":"Fund_Notices/9c/9cea66fbb3d5bcae73ca30099cf6f5d6675fd461b6f7f24a443b72fa51f5f818","checksum":"9cea66fbb3d5bcae73ca30099cf6f5d6675fd461b6f7f24a443b72fa51f5f818","uploadDate":"2024-09-26","lang":[],"noticeCategories":["DISTRIBUTIONS"]}]},"AWN198_20240927_FUNDNOTICE_01":{"documentID":"AWN198_20240927_FUNDNOTICE_01","documentType":"FUNDNOTICE","ceNumberOfLegalFund":"AWN198","documentDate":"2024-09-27","documents":[{"filename":"Amundi HK - Green Planet Fund - Notice_240731.pdf","filePath":"Fund_Notices/06/062d6b036c95f9080f28f9df1f1b63ae89297eeca7ef266621d95620b1bbcf9c","checksum":"062d6b036c95f9080f28f9df1f1b63ae89297eeca7ef266621d95620b1bbcf9c","uploadDate":"2024-09-27","lang":[],"noticeCategories":[]}]},"BAW607_20160906_OFFERDOC":{"documentID":"BAW607_20160906_OFFERDOC","documentType":"OFFERDOC","ceNumberOfLegalFund":"BAW607","documentDate":"2016-09-06","documents":[{"filename":"BBQ016_ChinaAMC Select China New Economy Fund_Consolidated EM_Chi_05092016.pdf","filePath":"Offering_Documents/56/56938f418e309ed3750eb83beb3cacfea7e9a7ccbb272cefa7cbacec7c2df067","checksum":"56938f418e309ed3750eb83beb3cacfea7e9a7ccbb272cefa7cbacec7c2df067","uploadDate":"2016-12-04","lang":["ZH"],"noticeCategories":[]},{"filename":"BBQ016_ChinaAMC Select China New Economy Fund_Consolidated EM_Eng_05092016.pdf","filePath":"Offering_Documents/8e/8e5e46c242767becf863f77e5cd2a53d18284a1e95872eb54724a53754268215","checksum":"8e5e46c242767becf863f77e5cd2a53d18284a1e95872eb54724a53754268215","uploadDate":"2016-12-04","lang":["EN"],"noticeCategories":[]}]},"BAW607_20160505_KEYFACT":{"documentID":"BAW607_20160505_KEYFACT","documentType":"KEYFACT","ceNumberOfLegalFund":"BAW607","documentDate":"2016-05-05","documents":[{"filename":"BAW607_ChinaAMC_Select_RMB_Short-term_Bond_Fund_Chin_KFS_05052016.pdf","filePath":"Offering_Documents/d5/d59a1bb46ea61d0d8974c9811af5b188aac4e06c15e6baa33b4e3fcebd2041aa","checksum":"d59a1bb46ea61d0d8974c9811af5b188aac4e06c15e6baa33b4e3fcebd2041aa","uploadDate":"2016-12-04","lang":["ZH"],"noticeCategories":[]},{"filename":"BAW607_ChinaAMC_Select_RMB_Short-term_Bond_Fund_Eng_KFS_05052016.pdf","filePath":"Offering_Documents/7f/7f8d4c2a8b7cf062cfb00ae99e72ca8890882e30954743cfd3b592e610871615","checksum":"7f8d4c2a8b7cf062cfb00ae99e72ca8890882e30954743cfd3b592e610871615","uploadDate":"2016-12-04","lang":["EN"],"noticeCategories":[]}]},"AWN202_20160412_KEYFACT":{"documentID":"AWN202_20160412_KEYFACT","documentType":"KEYFACT","ceNumberOfLegalFund":"AWN202","documentDate":"2016-04-12","documents":[{"filename":"AWN202_KFS_AF Cash EUR_chi_11042016.pdf","filePath":"Offering_Documents/ca/ca4cea7a4de4cdb86b104bacb13aa50c4a7c891b6c87250ad2de6d6e4231bad5","checksum":"ca4cea7a4de4cdb86b104bacb13aa50c4a7c891b6c87250ad2de6d6e4231bad5","uploadDate":"2016-12-04","lang":["ZH"],"noticeCategories":[]},{"filename":"AWN202_KFS_AF Cash EUR_eng_11042016.pdf","filePath":"Offering_Documents/3d/3d0937977dd8f8f989d75a9b733433334a3c787b2ffd50637072a2e3feeb3d92","checksum":"3d0937977dd8f8f989d75a9b733433334a3c787b2ffd50637072a2e3feeb3d92","uploadDate":"2016-12-04","lang":["EN"],"noticeCategories":[]}]},"AVZ072_20240630_SEMIANNUAL":{"documentID":"AVZ072_20240630_SEMIANNUAL","documentType":"SEMIANNUAL","ceNumberOfLegalFund":"AVZ072","documentDate":"2024-06-30","documents":[{"filename":"AVL889 - 2024 SEMIANNUAL.pdf","filePath":"Financial_Reports/9c/9cea66fbb3d5bcae73ca30099cf6f5d6675fd461b6f7f24a443b72fa51f5f818","checksum":"9cea66fbb3d5bcae73ca30099cf6f5d6675fd461b6f7f24a443b72fa51f5f818","uploadDate":"2024-09-24","lang":[],"noticeCategories":[]}]},"AWN202_20231231_ANNUAL":{"documentID":"AWN202_20231231_ANNUAL","documentType":"ANNUAL","ceNumberOfLegalFund":"AWN202","documentDate":"2023-12-31","documents":[{"filename":"2023 ANNUAL.pdf","filePath":"Financial_Reports/9c/9cea66fbb3d5bcae73ca30099cf6f5d6675fd461b6f7f24a443b72fa51f5f818","checksum":"9cea66fbb3d5bcae73ca30099cf6f5d6675fd461b6f7f24a443b72fa51f5f818","uploadDate":"2024-09-27","lang":[],"noticeCategories":[]}]},"BDG861_20240908_FUNDNOTICE_01":{"documentID":"BDG861_20240908_FUNDNOTICE_01","documentType":"FUNDNOTICE","ceNumberOfLegalFund":"BDG861","documentDate":"2024-09-08","documents":[{"filename":"AVL889 - NOTICE -1.pdf","filePath":"Fund_Notices/9c/9cea66fbb3d5bcae73ca30099cf6f5d6675fd461b6f7f24a443b72fa51f5f818","checksum":"9cea66fbb3d5bcae73ca30099cf6f5d6675fd461b6f7f24a443b72fa51f5f818","uploadDate":"2024-09-26","lang":[],"noticeCategories":["DISTRIBUTIONS"]}]},"AVL899_20231231_ANNUAL":{"documentID":"AVL899_20231231_ANNUAL","documentType":"ANNUAL","ceNumberOfLegalFund":"AVL899","documentDate":"2023-12-31","documents":[{"filename":"AVL889 - 2023 ANNUAL.pdf","filePath":"Financial_Reports/9c/9cea66fbb3d5bcae73ca30099cf6f5d6675fd461b6f7f24a443b72fa51f5f818","checksum":"9cea66fbb3d5bcae73ca30099cf6f5d6675fd461b6f7f24a443b72fa51f5f818","uploadDate":"2024-09-24","lang":[],"noticeCategories":[]}]},"BSH900_20241002_OFFERDOC":{"documentID":"BSH900_20241002_OFFERDOC","documentType":"OFFERDOC","ceNumberOfLegalFund":"BSH900","documentDate":"2024-10-02","documents":[{"filename":"Testing document.pdf","filePath":"Offering_Documents/1f/1f42b216c5761c5ef332f015ff6fabc36f7500242639ff04c8b4ecafb40c7701","checksum":"1f42b216c5761c5ef332f015ff6fabc36f7500242639ff04c8b4ecafb40c7701","uploadDate":"2024-10-02","lang":["ZH"],"noticeCategories":[]},{"filename":"Testing document.pdf","filePath":"Offering_Documents/1f/1f42b216c5761c5ef332f015ff6fabc36f7500242639ff04c8b4ecafb40c7701","checksum":"1f42b216c5761c5ef332f015ff6fabc36f7500242639ff04c8b4ecafb40c7701","uploadDate":"2024-10-02","lang":["EN"],"noticeCategories":[]}]},"AWN198_20240924_FUNDNOTICE_01":{"documentID":"AWN198_20240924_FUNDNOTICE_01","documentType":"FUNDNOTICE","ceNumberOfLegalFund":"AWN198","documentDate":"2024-09-24","documents":[{"filename":"NOTICE -1.pdf","filePath":"Fund_Notices/9c/9cea66fbb3d5bcae73ca30099cf6f5d6675fd461b6f7f24a443b72fa51f5f818","checksum":"9cea66fbb3d5bcae73ca30099cf6f5d6675fd461b6f7f24a443b72fa51f5f818","uploadDate":"2024-09-27","lang":[],"noticeCategories":["DISTRIBUTIONS"]}]},"AWN198_20160412_KEYFACT":{"documentID":"AWN198_20160412_KEYFACT","documentType":"KEYFACT","ceNumberOfLegalFund":"AWN198","documentDate":"2016-04-12","documents":[{"filename":"AWN198_KFS_AF  Equity Global Luxury Lifestyle_chi_11042016.pdf","filePath":"Offering_Documents/46/465847b3641b4c399b6be95621f783d81c1cb159516d16c56e0d7e8fcae6a7f6","checksum":"465847b3641b4c399b6be95621f783d81c1cb159516d16c56e0d7e8fcae6a7f6","uploadDate":"2016-12-04","lang":["ZH"],"noticeCategories":[]},{"filename":"AWN198_KFS_AF  Equity Global Luxury Lifestyle_eng_11042016.pdf","filePath":"Offering_Documents/a6/a610f3d1808fdfd66e68c464a446a447dc3b0e016aec8e35b7953afa1eee9155","checksum":"a610f3d1808fdfd66e68c464a446a447dc3b0e016aec8e35b7953afa1eee9155","uploadDate":"2016-12-04","lang":["EN"],"noticeCategories":[]}]},"AWN200_20240927_FUNDNOTICE_01":{"documentID":"AWN200_20240927_FUNDNOTICE_01","documentType":"FUNDNOTICE","ceNumberOfLegalFund":"AWN200","documentDate":"2024-09-27","documents":[{"filename":"Amundi HK - Green Planet Fund - Notice_240731.pdf","filePath":"Fund_Notices/06/062d6b036c95f9080f28f9df1f1b63ae89297eeca7ef266621d95620b1bbcf9c","checksum":"062d6b036c95f9080f28f9df1f1b63ae89297eeca7ef266621d95620b1bbcf9c","uploadDate":"2024-09-27","lang":[],"noticeCategories":[]}]},"BBQ016_20160906_OFFERDOC":{"documentID":"BBQ016_20160906_OFFERDOC","documentType":"OFFERDOC","ceNumberOfLegalFund":"BBQ016","documentDate":"2016-09-06","documents":[{"filename":"BBQ016_ChinaAMC Select China New Economy Fund_Consolidated EM_Chi_05092016.pdf","filePath":"Offering_Documents/56/56938f418e309ed3750eb83beb3cacfea7e9a7ccbb272cefa7cbacec7c2df067","checksum":"56938f418e309ed3750eb83beb3cacfea7e9a7ccbb272cefa7cbacec7c2df067","uploadDate":"2016-12-04","lang":["ZH"],"noticeCategories":[]},{"filename":"BBQ016_ChinaAMC Select China New Economy Fund_Consolidated EM_Eng_05092016.pdf","filePath":"Offering_Documents/8e/8e5e46c242767becf863f77e5cd2a53d18284a1e95872eb54724a53754268215","checksum":"8e5e46c242767becf863f77e5cd2a53d18284a1e95872eb54724a53754268215","uploadDate":"2016-12-04","lang":["EN"],"noticeCategories":[]}]},"AWN200_20241003_FUNDNOTICE_01":{"documentID":"AWN200_20241003_FUNDNOTICE_01","documentType":"FUNDNOTICE","ceNumberOfLegalFund":"AWN200","documentDate":"2024-10-03","documents":[{"filename":"Eng_Testing document.pdf","filePath":"Fund_Notices/0f/0f98ad90e05bb5a718c590fe2cf59782647341461047e127c7240d6ad2f7bee9","checksum":"0f98ad90e05bb5a718c590fe2cf59782647341461047e127c7240d6ad2f7bee9","uploadDate":"2024-10-07","lang":["EN"],"noticeCategories":[]},{"filename":"Chi_Testing document.pdf","filePath":"Fund_Notices/0d/0d6f928a07618ae574737f782a3d637d88d9127294fe517dbe82efd79467ad9e","checksum":"0d6f928a07618ae574737f782a3d637d88d9127294fe517dbe82efd79467ad9e","uploadDate":"2024-10-07","lang":["ZH"],"noticeCategories":[]},{"filename":"Eng_2_Testing document.pdf","filePath":"Fund_Notices/1f/1f42b216c5761c5ef332f015ff6fabc36f7500242639ff04c8b4ecafb40c7701","checksum":"1f42b216c5761c5ef332f015ff6fabc36f7500242639ff04c8b4ecafb40c7701","uploadDate":"2024-10-08","lang":["EN"],"noticeCategories":[]},{"filename":"Chi_2_Testing document.pdf","filePath":"Fund_Notices/1f/1f42b216c5761c5ef332f015ff6fabc36f7500242639ff04c8b4ecafb40c7701","checksum":"1f42b216c5761c5ef332f015ff6fabc36f7500242639ff04c8b4ecafb40c7701","uploadDate":"2024-10-08","lang":["ZH"],"noticeCategories":[]}]},"AGC783_20240924_FUNDNOTICE_01":{"documentID":"AGC783_20240924_FUNDNOTICE_01","documentType":"FUNDNOTICE","ceNumberOfLegalFund":"AGC783","documentDate":"2024-09-24","documents":[{"filename":"NOTICE -1.pdf","filePath":"Fund_Notices/9c/9cea66fbb3d5bcae73ca30099cf6f5d6675fd461b6f7f24a443b72fa51f5f818","checksum":"9cea66fbb3d5bcae73ca30099cf6f5d6675fd461b6f7f24a443b72fa51f5f818","uploadDate":"2024-09-27","lang":[],"noticeCategories":["DISTRIBUTIONS"]}]},"AWN202_20240924_FUNDNOTICE_01":{"documentID":"AWN202_20240924_FUNDNOTICE_01","documentType":"FUNDNOTICE","ceNumberOfLegalFund":"AWN202","documentDate":"2024-09-24","documents":[{"filename":"NOTICE -1.pdf","filePath":"Fund_Notices/9c/9cea66fbb3d5bcae73ca30099cf6f5d6675fd461b6f7f24a443b72fa51f5f818","checksum":"9cea66fbb3d5bcae73ca30099cf6f5d6675fd461b6f7f24a443b72fa51f5f818","uploadDate":"2024-09-27","lang":[],"noticeCategories":["DISTRIBUTIONS"]}]},"AGC783_20241003_OFFERDOC":{"documentID":"AGC783_20241003_OFFERDOC","documentType":"OFFERDOC","ceNumberOfLegalFund":"AGC783","documentDate":"2024-10-03","documents":[{"filename":"Chi_Testing document.pdf","filePath":"Offering_Documents/1f/1f42b216c5761c5ef332f015ff6fabc36f7500242639ff04c8b4ecafb40c7701","checksum":"1f42b216c5761c5ef332f015ff6fabc36f7500242639ff04c8b4ecafb40c7701","uploadDate":"2024-10-03","lang":["ZH"],"noticeCategories":[]},{"filename":"Eng_Testing document.pdf","filePath":"Offering_Documents/1f/1f42b216c5761c5ef332f015ff6fabc36f7500242639ff04c8b4ecafb40c7701","checksum":"1f42b216c5761c5ef332f015ff6fabc36f7500242639ff04c8b4ecafb40c7701","uploadDate":"2024-10-03","lang":["EN"],"noticeCategories":[]}]},"BAW607_20240630_SEMIANNUAL":{"documentID":"BAW607_20240630_SEMIANNUAL","documentType":"SEMIANNUAL","ceNumberOfLegalFund":"BAW607","documentDate":"2024-06-30","documents":[{"filename":"AVL889 - 2024 SEMIANNUAL.pdf","filePath":"Financial_Reports/9c/9cea66fbb3d5bcae73ca30099cf6f5d6675fd461b6f7f24a443b72fa51f5f818","checksum":"9cea66fbb3d5bcae73ca30099cf6f5d6675fd461b6f7f24a443b72fa51f5f818","uploadDate":"2024-09-24","lang":[],"noticeCategories":[]}]},"AWN198_20231231_ANNUAL":{"documentID":"AWN198_20231231_ANNUAL","documentType":"ANNUAL","ceNumberOfLegalFund":"AWN198","documentDate":"2023-12-31","documents":[{"filename":"Testing1.pdf","filePath":"Financial_Reports/a5/a5bbd2bb4119a51eeed19ab80805f4973fa746c56a9792eff49206562361ad3b","checksum":"a5bbd2bb4119a51eeed19ab80805f4973fa746c56a9792eff49206562361ad3b","uploadDate":"2024-09-25","lang":[],"noticeCategories":[]}]},"AVL899_20240908_FUNDNOTICE_01":{"documentID":"AVL899_20240908_FUNDNOTICE_01","documentType":"FUNDNOTICE","ceNumberOfLegalFund":"AVL899","documentDate":"2024-09-08","documents":[{"filename":"AVL889 - NOTICE -1.pdf","filePath":"Fund_Notices/9c/9cea66fbb3d5bcae73ca30099cf6f5d6675fd461b6f7f24a443b72fa51f5f818","checksum":"9cea66fbb3d5bcae73ca30099cf6f5d6675fd461b6f7f24a443b72fa51f5f818","uploadDate":"2024-09-26","lang":[],"noticeCategories":["DISTRIBUTIONS"]}]},"ARG434_20240927_FUNDNOTICE_01":{"documentID":"ARG434_20240927_FUNDNOTICE_01","documentType":"FUNDNOTICE","ceNumberOfLegalFund":"ARG434","documentDate":"2024-09-27","documents":[{"filename":"Amundi HK - Green Planet Fund - Notice_240731.pdf","filePath":"Fund_Notices/06/062d6b036c95f9080f28f9df1f1b63ae89297eeca7ef266621d95620b1bbcf9c","checksum":"062d6b036c95f9080f28f9df1f1b63ae89297eeca7ef266621d95620b1bbcf9c","uploadDate":"2024-09-27","lang":[],"noticeCategories":[]}]},"BFT953_20160617_OFFERDOC":{"documentID":"BFT953_20160617_OFFERDOC","documentType":"OFFERDOC","ceNumberOfLegalFund":"BFT953","documentDate":"2016-06-17","documents":[{"filename":"BFT953_ChinaAMC Xinghua Mixed Securities Investment Fund_HKCD Prospectus_Chi_20160601.pdf","filePath":"Offering_Documents/4c/4c9236b819a7ce0d9d54b1292256544dafa6ce1aa1ccca38147c860c93ff038d","checksum":"4c9236b819a7ce0d9d54b1292256544dafa6ce1aa1ccca38147c860c93ff038d","uploadDate":"2016-12-04","lang":["ZH"],"noticeCategories":[]},{"filename":"BFT953_ChinaAMC Xinghua Mixed Securities Investment Fund_HKCD Prospectus_Eng_20160601.pdf","filePath":"Offering_Documents/6a/6a3ebc58a2af375b6d56963982e04f9f0ed8f2d0f530aa4c155d54059e1024ae","checksum":"6a3ebc58a2af375b6d56963982e04f9f0ed8f2d0f530aa4c155d54059e1024ae","uploadDate":"2016-12-04","lang":["EN"],"noticeCategories":[]}]},"BAW607_20231231_ANNUAL":{"documentID":"BAW607_20231231_ANNUAL","documentType":"ANNUAL","ceNumberOfLegalFund":"BAW607","documentDate":"2023-12-31","documents":[{"filename":"AVL889 - 2023 ANNUAL.pdf","filePath":"Financial_Reports/9c/9cea66fbb3d5bcae73ca30099cf6f5d6675fd461b6f7f24a443b72fa51f5f818","checksum":"9cea66fbb3d5bcae73ca30099cf6f5d6675fd461b6f7f24a443b72fa51f5f818","uploadDate":"2024-09-24","lang":[],"noticeCategories":[]}]},"BBQ016_20240908_FUNDNOTICE_01":{"documentID":"BBQ016_20240908_FUNDNOTICE_01","documentType":"FUNDNOTICE","ceNumberOfLegalFund":"BBQ016","documentDate":"2024-09-08","documents":[{"filename":"AVL889 - NOTICE -1.pdf","filePath":"Fund_Notices/9c/9cea66fbb3d5bcae73ca30099cf6f5d6675fd461b6f7f24a443b72fa51f5f818","checksum":"9cea66fbb3d5bcae73ca30099cf6f5d6675fd461b6f7f24a443b72fa51f5f818","uploadDate":"2024-09-26","lang":[],"noticeCategories":["DISTRIBUTIONS"]}]},"BSK264_20241003_OFFERDOC":{"documentID":"BSK264_20241003_OFFERDOC","documentType":"OFFERDOC","ceNumberOfLegalFund":"BSK264","documentDate":"2024-10-03","documents":[{"filename":"_Testing document_Chi.pdf","filePath":"Offering_Documents/1f/1f42b216c5761c5ef332f015ff6fabc36f7500242639ff04c8b4ecafb40c7701","checksum":"1f42b216c5761c5ef332f015ff6fabc36f7500242639ff04c8b4ecafb40c7701","uploadDate":"2024-10-03","lang":["ZH"],"noticeCategories":[]},{"filename":"_Testing document_Eng.pdf","filePath":"Offering_Documents/1f/1f42b216c5761c5ef332f015ff6fabc36f7500242639ff04c8b4ecafb40c7701","checksum":"1f42b216c5761c5ef332f015ff6fabc36f7500242639ff04c8b4ecafb40c7701","uploadDate":"2024-10-03","lang":["EN"],"noticeCategories":[]}]},"AVZ072_20160505_KEYFACT":{"documentID":"AVZ072_20160505_KEYFACT","documentType":"KEYFACT","ceNumberOfLegalFund":"AVZ072","documentDate":"2016-05-05","documents":[{"filename":"AVZ072_ChinaAMC_Select_RMB_Bond_Fund_Chin_KFS_05052016.pdf","filePath":"Offering_Documents/3a/3a7604a2bf8df47b23d5a85ff761f37c406b0591e7c675f1ed981861600f6856","checksum":"3a7604a2bf8df47b23d5a85ff761f37c406b0591e7c675f1ed981861600f6856","uploadDate":"2016-12-04","lang":["ZH"],"noticeCategories":[]},{"filename":"AVZ072_ChinaAMC_Select_RMB_Bond_Fund_Eng_KFS_05052016.pdf","filePath":"Offering_Documents/8f/8fe801999839cd07919c1e73877933e2cec487a6a9cf2ba5e91d30b2ebb2d590","checksum":"8fe801999839cd07919c1e73877933e2cec487a6a9cf2ba5e91d30b2ebb2d590","uploadDate":"2016-12-04","lang":["EN"],"noticeCategories":[]}]},"AWN201_20241003_FUNDNOTICE_01":{"documentID":"AWN201_20241003_FUNDNOTICE_01","documentType":"FUNDNOTICE","ceNumberOfLegalFund":"AWN201","documentDate":"2024-10-03","documents":[{"filename":"Eng_Testing document.pdf","filePath":"Fund_Notices/0f/0f98ad90e05bb5a718c590fe2cf59782647341461047e127c7240d6ad2f7bee9","checksum":"0f98ad90e05bb5a718c590fe2cf59782647341461047e127c7240d6ad2f7bee9","uploadDate":"2024-10-07","lang":["EN"],"noticeCategories":[]},{"filename":"Chi_Testing document.pdf","filePath":"Fund_Notices/0d/0d6f928a07618ae574737f782a3d637d88d9127294fe517dbe82efd79467ad9e","checksum":"0d6f928a07618ae574737f782a3d637d88d9127294fe517dbe82efd79467ad9e","uploadDate":"2024-10-07","lang":["ZH"],"noticeCategories":[]},{"filename":"Eng_2_Testing document.pdf","filePath":"Fund_Notices/1f/1f42b216c5761c5ef332f015ff6fabc36f7500242639ff04c8b4ecafb40c7701","checksum":"1f42b216c5761c5ef332f015ff6fabc36f7500242639ff04c8b4ecafb40c7701","uploadDate":"2024-10-08","lang":["EN"],"noticeCategories":[]},{"filename":"Chi_2_Testing document.pdf","filePath":"Fund_Notices/1f/1f42b216c5761c5ef332f015ff6fabc36f7500242639ff04c8b4ecafb40c7701","checksum":"1f42b216c5761c5ef332f015ff6fabc36f7500242639ff04c8b4ecafb40c7701","uploadDate":"2024-10-08","lang":["ZH"],"noticeCategories":[]}]},"AGC791_20240924_FUNDNOTICE_01":{"documentID":"AGC791_20240924_FUNDNOTICE_01","documentType":"FUNDNOTICE","ceNumberOfLegalFund":"AGC791","documentDate":"2024-09-24","documents":[{"filename":"NOTICE -1.pdf","filePath":"Fund_Notices/9c/9cea66fbb3d5bcae73ca30099cf6f5d6675fd461b6f7f24a443b72fa51f5f818","checksum":"9cea66fbb3d5bcae73ca30099cf6f5d6675fd461b6f7f24a443b72fa51f5f818","uploadDate":"2024-09-27","lang":[],"noticeCategories":["DISTRIBUTIONS"]}]},"AQA227_20240927_FUNDNOTICE_01":{"documentID":"AQA227_20240927_FUNDNOTICE_01","documentType":"FUNDNOTICE","ceNumberOfLegalFund":"AQA227","documentDate":"2024-09-27","documents":[{"filename":"Amundi HK - Green Planet Fund - Notice_240731.pdf","filePath":"Fund_Notices/06/062d6b036c95f9080f28f9df1f1b63ae89297eeca7ef266621d95620b1bbcf9c","checksum":"062d6b036c95f9080f28f9df1f1b63ae89297eeca7ef266621d95620b1bbcf9c","uploadDate":"2024-09-27","lang":[],"noticeCategories":[]}]},"AGC783_20241003_ANNUAL":{"documentID":"AGC783_20241003_ANNUAL","documentType":"ANNUAL","ceNumberOfLegalFund":"AGC783","documentDate":"2024-10-03","documents":[{"filename":"_Testing document_part 1.pdf","filePath":"Financial_Reports/6e/6ea31cd3a1c5efdada71840b6ae39afa27153b68b50fc4cd5d40a2278be4a2ad","checksum":"6ea31cd3a1c5efdada71840b6ae39afa27153b68b50fc4cd5d40a2278be4a2ad","uploadDate":"2024-10-04","lang":[],"noticeCategories":[]},{"filename":"_Testing document_part 2.pdf","filePath":"Financial_Reports/91/9192f93da85e88300b58df63ccc15d2ae35f25b0eb4c41b723453f462f4c7d98","checksum":"9192f93da85e88300b58df63ccc15d2ae35f25b0eb4c41b723453f462f4c7d98","uploadDate":"2024-10-04","lang":[],"noticeCategories":[]}]},"AGC783_20241003_FUNDNOTICE_01":{"documentID":"AGC783_20241003_FUNDNOTICE_01","documentType":"FUNDNOTICE","ceNumberOfLegalFund":"AGC783","documentDate":"2024-10-03","documents":[{"filename":"Eng_Testing document.pdf","filePath":"Fund_Notices/0f/0f98ad90e05bb5a718c590fe2cf59782647341461047e127c7240d6ad2f7bee9","checksum":"0f98ad90e05bb5a718c590fe2cf59782647341461047e127c7240d6ad2f7bee9","uploadDate":"2024-10-07","lang":["EN"],"noticeCategories":[]},{"filename":"Chi_Testing document.pdf","filePath":"Fund_Notices/0d/0d6f928a07618ae574737f782a3d637d88d9127294fe517dbe82efd79467ad9e","checksum":"0d6f928a07618ae574737f782a3d637d88d9127294fe517dbe82efd79467ad9e","uploadDate":"2024-10-07","lang":["ZH"],"noticeCategories":[]},{"filename":"Eng_2_Testing document.pdf","filePath":"Fund_Notices/1f/1f42b216c5761c5ef332f015ff6fabc36f7500242639ff04c8b4ecafb40c7701","checksum":"1f42b216c5761c5ef332f015ff6fabc36f7500242639ff04c8b4ecafb40c7701","uploadDate":"2024-10-08","lang":["EN"],"noticeCategories":[]},{"filename":"Chi_2_Testing document.pdf","filePath":"Fund_Notices/1f/1f42b216c5761c5ef332f015ff6fabc36f7500242639ff04c8b4ecafb40c7701","checksum":"1f42b216c5761c5ef332f015ff6fabc36f7500242639ff04c8b4ecafb40c7701","uploadDate":"2024-10-08","lang":["ZH"],"noticeCategories":[]}]},"BFT953_20240630_SEMIANNUAL":{"documentID":"BFT953_20240630_SEMIANNUAL","documentType":"SEMIANNUAL","ceNumberOfLegalFund":"BFT953","documentDate":"2024-06-30","documents":[{"filename":"BFT953 - 2024 SEMIANNUAL.pdf","filePath":"Financial_Reports/9c/9cea66fbb3d5bcae73ca30099cf6f5d6675fd461b6f7f24a443b72fa51f5f818","checksum":"9cea66fbb3d5bcae73ca30099cf6f5d6675fd461b6f7f24a443b72fa51f5f818","uploadDate":"2024-09-25","lang":[],"noticeCategories":[]}]},"AGC791_20231231_ANNUAL":{"documentID":"AGC791_20231231_ANNUAL","documentType":"ANNUAL","ceNumberOfLegalFund":"AGC791","documentDate":"2023-12-31","documents":[{"filename":"Testing1.pdf","filePath":"Financial_Reports/a5/a5bbd2bb4119a51eeed19ab80805f4973fa746c56a9792eff49206562361ad3b","checksum":"a5bbd2bb4119a51eeed19ab80805f4973fa746c56a9792eff49206562361ad3b","uploadDate":"2024-09-25","lang":[],"noticeCategories":[]}]},"ARG434_20231231_ANNUAL":{"documentID":"ARG434_20231231_ANNUAL","documentType":"ANNUAL","ceNumberOfLegalFund":"ARG434","documentDate":"2023-12-31","documents":[{"filename":"Testing1.pdf","filePath":"Financial_Reports/a5/a5bbd2bb4119a51eeed19ab80805f4973fa746c56a9792eff49206562361ad3b","checksum":"a5bbd2bb4119a51eeed19ab80805f4973fa746c56a9792eff49206562361ad3b","uploadDate":"2024-09-25","lang":[],"noticeCategories":[]}]},"AWN202_20240927_FUNDNOTICE_01":{"documentID":"AWN202_20240927_FUNDNOTICE_01","documentType":"FUNDNOTICE","ceNumberOfLegalFund":"AWN202","documentDate":"2024-09-27","documents":[{"filename":"Amundi HK - Green Planet Fund - Notice_240731.pdf","filePath":"Fund_Notices/06/062d6b036c95f9080f28f9df1f1b63ae89297eeca7ef266621d95620b1bbcf9c","checksum":"062d6b036c95f9080f28f9df1f1b63ae89297eeca7ef266621d95620b1bbcf9c","uploadDate":"2024-09-27","lang":[],"noticeCategories":[]}]},"BSK265_20241003_OFFERDOC":{"documentID":"BSK265_20241003_OFFERDOC","documentType":"OFFERDOC","ceNumberOfLegalFund":"BSK265","documentDate":"2024-10-03","documents":[{"filename":"_Testing document_Chi.pdf","filePath":"Offering_Documents/1f/1f42b216c5761c5ef332f015ff6fabc36f7500242639ff04c8b4ecafb40c7701","checksum":"1f42b216c5761c5ef332f015ff6fabc36f7500242639ff04c8b4ecafb40c7701","uploadDate":"2024-10-03","lang":["ZH"],"noticeCategories":[]},{"filename":"_Testing document_Eng.pdf","filePath":"Offering_Documents/1f/1f42b216c5761c5ef332f015ff6fabc36f7500242639ff04c8b4ecafb40c7701","checksum":"1f42b216c5761c5ef332f015ff6fabc36f7500242639ff04c8b4ecafb40c7701","uploadDate":"2024-10-03","lang":["EN"],"noticeCategories":[]}]},"BFT953_20231231_ANNUAL":{"documentID":"BFT953_20231231_ANNUAL","documentType":"ANNUAL","ceNumberOfLegalFund":"BFT953","documentDate":"2023-12-31","documents":[{"filename":"BFT953 - 2023 ANNUAL.pdf","filePath":"Financial_Reports/9c/9cea66fbb3d5bcae73ca30099cf6f5d6675fd461b6f7f24a443b72fa51f5f818","checksum":"9cea66fbb3d5bcae73ca30099cf6f5d6675fd461b6f7f24a443b72fa51f5f818","uploadDate":"2024-09-25","lang":[],"noticeCategories":[]}]},"BSJ937_20240906_FUNDNOTICE_02":{"documentID":"BSJ937_20240906_FUNDNOTICE_02","documentType":"FUNDNOTICE","ceNumberOfLegalFund":"BSJ937","documentDate":"2024-09-06","documents":[{"filename":"add new chi.pdf","filePath":"Fund_Notices/9c/9cea66fbb3d5bcae73ca30099cf6f5d6675fd461b6f7f24a443b72fa51f5f818","checksum":"9cea66fbb3d5bcae73ca30099cf6f5d6675fd461b6f7f24a443b72fa51f5f818","uploadDate":"2024-09-27","lang":["ZH"],"noticeCategories":[]}]},"BBQ016_20240630_SEMIANNUAL":{"documentID":"BBQ016_20240630_SEMIANNUAL","documentType":"SEMIANNUAL","ceNumberOfLegalFund":"BBQ016","documentDate":"2024-06-30","documents":[{"filename":"Select Greater China Technology Fund- Semi-Annual Report 2024_Final - cover.pdf","filePath":"Financial_Reports/d7/d784bac7d3fa8d69803e36e029b675debb0a7eb78fb98c211fff894f3c8e8f7c","checksum":"d784bac7d3fa8d69803e36e029b675debb0a7eb78fb98c211fff894f3c8e8f7c","uploadDate":"2024-09-27","lang":[],"noticeCategories":[]}]},"BSJ937_20240906_FUNDNOTICE_01":{"documentID":"BSJ937_20240906_FUNDNOTICE_01","documentType":"FUNDNOTICE","ceNumberOfLegalFund":"BSJ937","documentDate":"2024-09-06","documents":[{"filename":"new eng.pdf","filePath":"Fund_Notices/9c/9cea66fbb3d5bcae73ca30099cf6f5d6675fd461b6f7f24a443b72fa51f5f818","checksum":"9cea66fbb3d5bcae73ca30099cf6f5d6675fd461b6f7f24a443b72fa51f5f818","uploadDate":"2024-09-27","lang":["EN"],"noticeCategories":["DISTRIBUTIONS"]}]},"AWN201_20240924_FUNDNOTICE_01":{"documentID":"AWN201_20240924_FUNDNOTICE_01","documentType":"FUNDNOTICE","ceNumberOfLegalFund":"AWN201","documentDate":"2024-09-24","documents":[{"filename":"NOTICE -1.pdf","filePath":"Fund_Notices/9c/9cea66fbb3d5bcae73ca30099cf6f5d6675fd461b6f7f24a443b72fa51f5f818","checksum":"9cea66fbb3d5bcae73ca30099cf6f5d6675fd461b6f7f24a443b72fa51f5f818","uploadDate":"2024-09-27","lang":[],"noticeCategories":["DISTRIBUTIONS"]}]},"AGC791_20241003_FUNDNOTICE_01":{"documentID":"AGC791_20241003_FUNDNOTICE_01","documentType":"FUNDNOTICE","ceNumberOfLegalFund":"AGC791","documentDate":"2024-10-03","documents":[{"filename":"Eng_Testing document.pdf","filePath":"Fund_Notices/0f/0f98ad90e05bb5a718c590fe2cf59782647341461047e127c7240d6ad2f7bee9","checksum":"0f98ad90e05bb5a718c590fe2cf59782647341461047e127c7240d6ad2f7bee9","uploadDate":"2024-10-07","lang":["EN"],"noticeCategories":[]},{"filename":"Chi_Testing document.pdf","filePath":"Fund_Notices/0d/0d6f928a07618ae574737f782a3d637d88d9127294fe517dbe82efd79467ad9e","checksum":"0d6f928a07618ae574737f782a3d637d88d9127294fe517dbe82efd79467ad9e","uploadDate":"2024-10-07","lang":["ZH"],"noticeCategories":[]},{"filename":"Eng_2_Testing document.pdf","filePath":"Fund_Notices/1f/1f42b216c5761c5ef332f015ff6fabc36f7500242639ff04c8b4ecafb40c7701","checksum":"1f42b216c5761c5ef332f015ff6fabc36f7500242639ff04c8b4ecafb40c7701","uploadDate":"2024-10-08","lang":["EN"],"noticeCategories":[]},{"filename":"Chi_2_Testing document.pdf","filePath":"Fund_Notices/1f/1f42b216c5761c5ef332f015ff6fabc36f7500242639ff04c8b4ecafb40c7701","checksum":"1f42b216c5761c5ef332f015ff6fabc36f7500242639ff04c8b4ecafb40c7701","uploadDate":"2024-10-08","lang":["ZH"],"noticeCategories":[]}]},"AQA227_20231231_ANNUAL":{"documentID":"AQA227_20231231_ANNUAL","documentType":"ANNUAL","ceNumberOfLegalFund":"AQA227","documentDate":"2023-12-31","documents":[{"filename":"Testing1.pdf","filePath":"Financial_Reports/a5/a5bbd2bb4119a51eeed19ab80805f4973fa746c56a9792eff49206562361ad3b","checksum":"a5bbd2bb4119a51eeed19ab80805f4973fa746c56a9792eff49206562361ad3b","uploadDate":"2024-09-25","lang":[],"noticeCategories":[]}]},"AWN202_20241003_FUNDNOTICE_01":{"documentID":"AWN202_20241003_FUNDNOTICE_01","documentType":"FUNDNOTICE","ceNumberOfLegalFund":"AWN202","documentDate":"2024-10-03","documents":[{"filename":"Eng_Testing document.pdf","filePath":"Fund_Notices/0f/0f98ad90e05bb5a718c590fe2cf59782647341461047e127c7240d6ad2f7bee9","checksum":"0f98ad90e05bb5a718c590fe2cf59782647341461047e127c7240d6ad2f7bee9","uploadDate":"2024-10-07","lang":["EN"],"noticeCategories":[]},{"filename":"Chi_Testing document.pdf","filePath":"Fund_Notices/0d/0d6f928a07618ae574737f782a3d637d88d9127294fe517dbe82efd79467ad9e","checksum":"0d6f928a07618ae574737f782a3d637d88d9127294fe517dbe82efd79467ad9e","uploadDate":"2024-10-07","lang":["ZH"],"noticeCategories":[]},{"filename":"Eng_2_Testing document.pdf","filePath":"Fund_Notices/1f/1f42b216c5761c5ef332f015ff6fabc36f7500242639ff04c8b4ecafb40c7701","checksum":"1f42b216c5761c5ef332f015ff6fabc36f7500242639ff04c8b4ecafb40c7701","uploadDate":"2024-10-08","lang":["EN"],"noticeCategories":[]},{"filename":"Chi_2_Testing document.pdf","filePath":"Fund_Notices/1f/1f42b216c5761c5ef332f015ff6fabc36f7500242639ff04c8b4ecafb40c7701","checksum":"1f42b216c5761c5ef332f015ff6fabc36f7500242639ff04c8b4ecafb40c7701","uploadDate":"2024-10-08","lang":["ZH"],"noticeCategories":[]}]},"BBQ016_20231231_ANNUAL":{"documentID":"BBQ016_20231231_ANNUAL","documentType":"ANNUAL","ceNumberOfLegalFund":"BBQ016","documentDate":"2023-12-31","documents":[{"filename":"23 GCTF - AFS (clean) - cover.pdf","filePath":"Financial_Reports/13/1352fd0ec19738becf3761901c5f0771990cb051375aab1f9ce20abe5ab4380d","checksum":"1352fd0ec19738becf3761901c5f0771990cb051375aab1f9ce20abe5ab4380d","uploadDate":"2024-09-27","lang":[],"noticeCategories":[]}]},"AWN198_20241003_FUNDNOTICE_01":{"documentID":"AWN198_20241003_FUNDNOTICE_01","documentType":"FUNDNOTICE","ceNumberOfLegalFund":"AWN198","documentDate":"2024-10-03","documents":[{"filename":"Eng_Testing document.pdf","filePath":"Fund_Notices/0f/0f98ad90e05bb5a718c590fe2cf59782647341461047e127c7240d6ad2f7bee9","checksum":"0f98ad90e05bb5a718c590fe2cf59782647341461047e127c7240d6ad2f7bee9","uploadDate":"2024-10-07","lang":["EN"],"noticeCategories":[]},{"filename":"Chi_Testing document.pdf","filePath":"Fund_Notices/0d/0d6f928a07618ae574737f782a3d637d88d9127294fe517dbe82efd79467ad9e","checksum":"0d6f928a07618ae574737f782a3d637d88d9127294fe517dbe82efd79467ad9e","uploadDate":"2024-10-07","lang":["ZH"],"noticeCategories":[]},{"filename":"Eng_2_Testing document.pdf","filePath":"Fund_Notices/1f/1f42b216c5761c5ef332f015ff6fabc36f7500242639ff04c8b4ecafb40c7701","checksum":"1f42b216c5761c5ef332f015ff6fabc36f7500242639ff04c8b4ecafb40c7701","uploadDate":"2024-10-08","lang":["EN"],"noticeCategories":[]},{"filename":"Chi_2_Testing document.pdf","filePath":"Fund_Notices/1f/1f42b216c5761c5ef332f015ff6fabc36f7500242639ff04c8b4ecafb40c7701","checksum":"1f42b216c5761c5ef332f015ff6fabc36f7500242639ff04c8b4ecafb40c7701","uploadDate":"2024-10-08","lang":["ZH"],"noticeCategories":[]}]},"AGC783_20240927_FUNDNOTICE_01":{"documentID":"AGC783_20240927_FUNDNOTICE_01","documentType":"FUNDNOTICE","ceNumberOfLegalFund":"AGC783","documentDate":"2024-09-27","documents":[{"filename":"Amundi HK - Green Planet Fund - Notice_240731.pdf","filePath":"Fund_Notices/06/062d6b036c95f9080f28f9df1f1b63ae89297eeca7ef266621d95620b1bbcf9c","checksum":"062d6b036c95f9080f28f9df1f1b63ae89297eeca7ef266621d95620b1bbcf9c","uploadDate":"2024-09-27","lang":[],"noticeCategories":[]}]},"BBQ016_20240927_FUNDNOTICE_01":{"documentID":"BBQ016_20240927_FUNDNOTICE_01","documentType":"FUNDNOTICE","ceNumberOfLegalFund":"BBQ016","documentDate":"2024-09-27","documents":[{"filename":"File_2021_03_03_Notice_ChinaAMC Select Greater China Technology Fund_EN_3Mar2021.pdf","filePath":"Fund_Notices/90/90cb8e06109b04b85b87d4a266ac7a55ac2db23b543cf7fb1a5425a1bd7c475a","checksum":"90cb8e06109b04b85b87d4a266ac7a55ac2db23b543cf7fb1a5425a1bd7c475a","uploadDate":"2024-09-27","lang":[],"noticeCategories":["DISTRIBUTIONS"]}]},"BDG861_20231231_ANNUAL":{"documentID":"BDG861_20231231_ANNUAL","documentType":"ANNUAL","ceNumberOfLegalFund":"BDG861","documentDate":"2023-12-31","documents":[{"filename":"AVL889 - 2023 ANNUAL.pdf","filePath":"Financial_Reports/9c/9cea66fbb3d5bcae73ca30099cf6f5d6675fd461b6f7f24a443b72fa51f5f818","checksum":"9cea66fbb3d5bcae73ca30099cf6f5d6675fd461b6f7f24a443b72fa51f5f818","uploadDate":"2024-09-24","lang":[],"noticeCategories":[]}]},"BSJ937_20240905_FUNDNOTICE_01":{"documentID":"BSJ937_20240905_FUNDNOTICE_01","documentType":"FUNDNOTICE","ceNumberOfLegalFund":"BSJ937","documentDate":"2024-09-05","documents":[{"filename":"chi_notice.pdf","filePath":"Fund_Notices/2a/2aa52bd114cdedd14799d195f3315bda437621cf6a627b873efaf913267dff8e","checksum":"2aa52bd114cdedd14799d195f3315bda437621cf6a627b873efaf913267dff8e","uploadDate":"2024-09-26","lang":["ZH"],"noticeCategories":[]},{"filename":"eng_notice.pdf","filePath":"Fund_Notices/2a/2aa52bd114cdedd14799d195f3315bda437621cf6a627b873efaf913267dff8e","checksum":"2aa52bd114cdedd14799d195f3315bda437621cf6a627b873efaf913267dff8e","uploadDate":"2024-09-26","lang":["EN"],"noticeCategories":[]}]},"BSJ937_20240905_FUNDNOTICE_02":{"documentID":"BSJ937_20240905_FUNDNOTICE_02","documentType":"FUNDNOTICE","ceNumberOfLegalFund":"BSJ937","documentDate":"2024-09-05","documents":[{"filename":"add new 05.pdf","filePath":"Fund_Notices/9c/9cea66fbb3d5bcae73ca30099cf6f5d6675fd461b6f7f24a443b72fa51f5f818","checksum":"9cea66fbb3d5bcae73ca30099cf6f5d6675fd461b6f7f24a443b72fa51f5f818","uploadDate":"2024-09-27","lang":["EN"],"noticeCategories":[]}]},"AWN200_20231231_ANNUAL":{"documentID":"AWN200_20231231_ANNUAL","documentType":"ANNUAL","ceNumberOfLegalFund":"AWN200","documentDate":"2023-12-31","documents":[{"filename":"Testing1.pdf","filePath":"Financial_Reports/a5/a5bbd2bb4119a51eeed19ab80805f4973fa746c56a9792eff49206562361ad3b","checksum":"a5bbd2bb4119a51eeed19ab80805f4973fa746c56a9792eff49206562361ad3b","uploadDate":"2024-09-25","lang":[],"noticeCategories":[]}]},"AGC791_20240927_FUNDNOTICE_01":{"documentID":"AGC791_20240927_FUNDNOTICE_01","documentType":"FUNDNOTICE","ceNumberOfLegalFund":"AGC791","documentDate":"2024-09-27","documents":[{"filename":"Amundi HK - Green Planet Fund - Notice_240731.pdf","filePath":"Fund_Notices/06/062d6b036c95f9080f28f9df1f1b63ae89297eeca7ef266621d95620b1bbcf9c","checksum":"062d6b036c95f9080f28f9df1f1b63ae89297eeca7ef266621d95620b1bbcf9c","uploadDate":"2024-09-27","lang":[],"noticeCategories":[]}]},"AQA227_20240924_FUNDNOTICE_01":{"documentID":"AQA227_20240924_FUNDNOTICE_01","documentType":"FUNDNOTICE","ceNumberOfLegalFund":"AQA227","documentDate":"2024-09-24","documents":[{"filename":"NOTICE -1.pdf","filePath":"Fund_Notices/9c/9cea66fbb3d5bcae73ca30099cf6f5d6675fd461b6f7f24a443b72fa51f5f818","checksum":"9cea66fbb3d5bcae73ca30099cf6f5d6675fd461b6f7f24a443b72fa51f5f818","uploadDate":"2024-09-27","lang":[],"noticeCategories":["DISTRIBUTIONS"]}]},"AWN200_20160412_KEYFACT":{"documentID":"AWN200_20160412_KEYFACT","documentType":"KEYFACT","ceNumberOfLegalFund":"AWN200","documentDate":"2016-04-12","documents":[{"filename":"AWN200_KFS_AF Equity MENA_chi_11042016.pdf","filePath":"Offering_Documents/06/0611984507a65731e5a60662338b2f6c8949bbc664b3021a98942e2ade02f1f2","checksum":"0611984507a65731e5a60662338b2f6c8949bbc664b3021a98942e2ade02f1f2","uploadDate":"2016-12-04","lang":["ZH"],"noticeCategories":[]},{"filename":"AWN200_KFS_AF Equity MENA_eng_11042016.pdf","filePath":"Offering_Documents/b9/b90537dc99bb81a3fa7f6052de2909a845a6e97f1c478c8abcea948792f631cc","checksum":"b90537dc99bb81a3fa7f6052de2909a845a6e97f1c478c8abcea948792f631cc","uploadDate":"2016-12-04","lang":["EN"],"noticeCategories":[]}]},"AQA227_20160412_KEYFACT":{"documentID":"AQA227_20160412_KEYFACT","documentType":"KEYFACT","ceNumberOfLegalFund":"AQA227","documentDate":"2016-04-12","documents":[{"filename":"AQA227_KFS_AF Equity Emerging Focus_chi_11042016.pdf","filePath":"Offering_Documents/ed/ede87162e0034fefd2c48786cbc69bbd79c13a0b880b912268898aec7f197eb1","checksum":"ede87162e0034fefd2c48786cbc69bbd79c13a0b880b912268898aec7f197eb1","uploadDate":"2016-12-04","lang":["ZH"],"noticeCategories":[]},{"filename":"AQA227_KFS_AF Equity Emerging Focus_eng_11042016.pdf","filePath":"Offering_Documents/e5/e5a30dd060ed3e39886da31a5f6f3c5e7ee601cfaf6bd793b264cc2ab89961bf","checksum":"e5a30dd060ed3e39886da31a5f6f3c5e7ee601cfaf6bd793b264cc2ab89961bf","uploadDate":"2016-12-04","lang":["EN"],"noticeCategories":[]}]},"AWN200_20240924_FUNDNOTICE_01":{"documentID":"AWN200_20240924_FUNDNOTICE_01","documentType":"FUNDNOTICE","ceNumberOfLegalFund":"AWN200","documentDate":"2024-09-24","documents":[{"filename":"NOTICE -1.pdf","filePath":"Fund_Notices/9c/9cea66fbb3d5bcae73ca30099cf6f5d6675fd461b6f7f24a443b72fa51f5f818","checksum":"9cea66fbb3d5bcae73ca30099cf6f5d6675fd461b6f7f24a443b72fa51f5f818","uploadDate":"2024-09-27","lang":[],"noticeCategories":["DISTRIBUTIONS"]}]}}